username,full_name,platform,total_followers,total_media_posts,account_category,boost_index,engagement_rate,engagement_rate_60d,avg_likes,avg_comments,avg_video_views,avg_1d,avg_3d,avg_7d,avg_14d,avg_30d,profile_url
cristiano,Cristiano Ronaldo,Instagram,465027234,3328,Sports,92,0.0149155921900756,0.0159030927931213,8671952.6875,51758.33092659446,17009493.6,,,3321113.0,5327340.25,6948658.866666666,https://www.instagram.com/cristiano
kyliejenner,Kylie Jenner,Instagram,356687629,6921,,91,0.0176172152549418,0.0161886350096952,8296735.662500001,47534.12096106048,22875472.888888888,,,1223002.0,2196528.5,4692458.947368421,https://www.instagram.com/kyliejenner
leomessi,Leo Messi,Instagram,347032978,875,,90,0.015533561657092,0.0190450212750402,6895177.8125,47044.540305010894,11761596.36893204,,4810554.0,3199807.0,5359468.6,5668453.857142857,https://www.instagram.com/leomessi
selenagomez,Selena Gomez,Instagram,334551681,1835,,93,0.0139126869029708,0.0077196615835974,6252711.416666667,39167.115727002965,10723973.0,,,,2340219.0,2340219.0,https://www.instagram.com/selenagomez
therock,Dwayne Johnson,Instagram,327064138,6660,,91,0.0044259384268964,0.0037225454671269,1874150.5038461536,8529.747042766152,5413831.362873134,,,713970.0,1101338.5555555555,1165227.3846153845,https://www.instagram.com/therock
kimkardashian,kimkardashian,Instagram,323090977,5603,,91,0.0083036448285169,0.0096888634520251,3536820.0625,16964.807439824945,9642516.175438596,,2583151.0,2699977.6666666665,2704005.272727273,2586789.375,https://www.instagram.com/kimkardashian
arianagrande,arianagrande,Instagram,321374794,4961,,92,0.0093256767297369,0.0101579095640005,3712125.9285714286,19077.731583403896,6654929.029801325,,,3813109.0,3813109.0,3384398.0,https://www.instagram.com/arianagrande
beyonce,beyonce,Instagram,267023539,2036,,92,0.0107577041435847,0.0067705433500347,3627594.6666666665,24558.145400593472,8767897.17142857,,,4311158.0,4311158.0,1686724.1538461538,https://www.instagram.com/beyonce
khloekardashian,khloekardashian,Instagram,260359924,4092,Sports,89,0.0065565040472791,0.0031117441866369,2391194.0,10442.21153846154,7593868.457142857,,,,,,https://www.instagram.com/khloekardashian
kendalljenner,kendalljenner,Instagram,247599374,666,,90,0.0167289360056751,0.0193389815470684,5520992.5,21191.329923273657,14428678.314285714,,6702150.0,6347174.5,5977548.25,5058515.428571428,https://www.instagram.com/kendalljenner
justinbieber,justinbieber,Instagram,247448517,7305,,91,0.0061909883400308,0.0040423175168191,1887637.6785714289,10084.746268656716,4337923.862934363,,,,,1415614.875,https://www.instagram.com/justinbieber
natgeo,National Geographic,Instagram,232020700,10002,Education,91,0.0010919625970223,0.0007261997482379,304664.0,1225.2342857142858,2345345.4444444445,58181.0,95034.3,111805.92307692308,138451.37735849057,158992.71028037384,https://www.instagram.com/natgeo
nike,Nike,Instagram,228524022,932,Sports,90,0.0014312255747742,0.0007551843648689,333382.0,5520.935483870968,2638441.273584905,,,300163.3333333333,273080.0,236986.66666666663,https://www.instagram.com/nike
taylorswift,taylorswift,Instagram,218097325,537,,91,0.0088643626685006,0.017282584056588,2397441.0,334.73,7916979.966666667,,,,2049206.0,2049206.0,https://www.instagram.com/taylorswift
jlo,jlo,Instagram,217547805,3151,Music,89,0.0059140661250396,0.0054101553807396,1691841.5,11942.84,6363148.909937888,,,,688847.0,812984.6,https://www.instagram.com/jlo
virat.kohli,Virat Kohli,Instagram,206743723,1390,Education,87,0.0126033886462027,0.0113492347288479,3472381.5,18090.06725663717,4841319.094240838,,,2740001.0,2874632.0,2210917.5,https://www.instagram.com/virat.kohli
nickiminaj,nickiminaj,Instagram,197697257,6327,Trailers,90,0.0083253495821873,0.0063362570713985,2161401.25,19624.634446397187,6688655.284974094,,,,,,https://www.instagram.com/nickiminaj
kourtneykardash,kourtneykardash,Instagram,188868254,4349,,89,0.0076387718497473,0.0126069938627344,1767538.4642857143,6616.927570093458,5363247.323529412,,,,916201.0,1118825.75,https://www.instagram.com/kourtneykardash
mileycyrus,mileycyrus,Instagram,178122866,1217,,89,0.0057234785514011,0.0091304482754349,1311897.7,6343.567721005677,4289871.829333333,,,,1340388.0,1340388.0,https://www.instagram.com/mileycyrus
neymarjr,neymarjr,Instagram,176162107,5247,Gaming,90,0.0127958937020013,0.0122322483196002,2705534.4857142856,47.64193548387097,6758889.172043011,,1712450.0,1749894.0,1888862.8333333333,2151442.8571428573,https://www.instagram.com/neymarjr
katyperry,katyperry,Instagram,167005817,2028,Nonprofits & Activism,92,0.0035962375118176,0.0021123329820722,720700.2619047619,4824.74638487208,2224739.0827338127,165159.0,165159.0,165159.0,364755.0,325682.28571428574,https://www.instagram.com/katyperry
kevinhart4real,kevinhart4real,Instagram,148755284,8126,Sports,88,0.0028731861174143,0.0010465903132874,533486.9166666667,3749.928125,2553278.8239608803,,,123142.5,155624.8,128413.71428571428,https://www.instagram.com/kevinhart4real
zendaya,zendaya,Instagram,147816903,3537,,87,0.0283538370065137,0.056179011176568,5744110.0,16106.142857142857,7685347.789473684,,,3970268.0,3958943.0,4755622.5,https://www.instagram.com/zendaya
iamcardib,iamcardib,Instagram,137199449,1596,,75,0.015960393761946,0.0157132448179439,3094440.722222222,18910.93456221198,10726141.90066225,,2193580.0,2253376.333333333,2209430.8,1829675.5833333333,https://www.instagram.com/iamcardib
ddlovato,ddlovato,Instagram,136695965,66,,88,0.0064874865350027,0.0028282704388518,1146626.6666666667,9535.060975609756,2385574.5,,,,530567.0,355926.22222222225,https://www.instagram.com/ddlovato
badgalriri,badgalriri,Instagram,133436105,4837,Entertainment,88,0.0203844314182973,0.0291452489837314,3691546.0,20974.19024390244,8827574.28440367,,,,,,https://www.instagram.com/badgalriri
kingjames,kingjames,Instagram,127326148,2331,,86,0.0132422145291974,0.0099841763380461,2102660.333333333,13785.983695652174,5584779.543307086,803501.0,803501.0,879697.5,1429823.4,1462300.8333333333,https://www.instagram.com/kingjames
theellenshow,theellenshow,Instagram,123619409,9987,Pets & Animals,87,0.0026418002535041,0.0008623072747171,424885.52218152216,3787.956893480584,3577368.090144231,,,,84741.0,79112.8,https://www.instagram.com/theellenshow
realmadrid,realmadrid,Instagram,121711711,6593,Sports,90,0.0068188290806917,0.0078479471621639,1009067.5405982904,3553.235075781008,3058169.528985508,647959.75,568533.5555555555,647859.4074074074,660730.3396226416,801848.3129770992,https://www.instagram.com/realmadrid
champagnepapi,champagnepapi,Instagram,116476688,5194,,85,0.0117332064264039,0.0136451946931477,1723164.25,83.42094455852155,4816847.96875,,1688951.0,1688951.0,1365792.6666666667,1599806.923076923,https://www.instagram.com/champagnepapi
chrisbrownofficial,chrisbrownofficial,Instagram,115007167,7282,,86,0.0031862242253984,0.0031460514747664,465597.390625,3862.719491035281,2049063.463414634,,,287076.5,410872.1666666667,371779.0,https://www.instagram.com/chrisbrownofficial
fcbarcelona,fcbarcelona,Instagram,109950457,9988,Sports,90,0.0088166283899638,0.0063550394555545,1176560.049145299,4342.094240837696,4286283.064,933228.5,797160.5,735920.7368421053,740394.1428571428,732259.88,https://www.instagram.com/fcbarcelona
billieeilish,billieeilish,Instagram,104462435,684,,73,0.0648051411685297,0.0488390503572724,8520777.666666666,45267.4226519337,15804630.0,,,7377994.0,5593146.8,4345861.5,https://www.instagram.com/billieeilish
dualipa,dualipa,Instagram,85085187,1224,Music,74,0.0185376479298309,0.0165253073215409,2091782.107142857,4827.426546391753,2892223.342592593,487197.0,659692.8,935806.8181818182,939716.1176470588,1173231.2352941176,https://www.instagram.com/dualipa
gal_gadot,gal_gadot,Instagram,83763785,1676,Entertainment,85,0.0120068663058131,0.0082134535737749,1377079.5,4787.181415929204,3104604.989473684,481129.0,481129.0,470165.3333333333,470165.3333333333,580991.4545454546,https://www.instagram.com/gal_gadot
vindiesel,vindiesel,Instagram,81632030,1817,Film & Animation,88,0.0126937858457076,0.0072286229256552,1384972.6666666667,7997.0213903743315,3097254.1746031744,,,384524.0,384524.0,364442.0,https://www.instagram.com/vindiesel
priyankachopra,priyankachopra,Instagram,80262430,3545,Autos & Vehicles,85,0.0147839110068688,0.0229656841614171,1580291.6285714286,4660.018248175183,3910075.543859649,,,,2518390.0,1604862.857142857,https://www.instagram.com/priyankachopra
lalalalisa_m,lalalalisa_m,Instagram,79870794,860,,70,0.0587180384904851,0.1034398797230652,5650260.5,51630.40416666667,8284125.55,,6404213.0,5049325.5,7494265.375,8190369.9,https://www.instagram.com/lalalalisa_m
nasa,nasa,Instagram,78572117,3522,Science & Technology,88,0.0125796045442767,0.0105785740762676,1172499.9,3965.166883963494,2742669.7719298247,327227.5,533789.3333333334,614062.0,654025.6666666666,715564.7826086957,https://www.instagram.com/nasa
shakira,Shakira,Instagram,75751033,1976,,88,0.0102919387924278,0.0072949248605536,973225.6166666666,6292.061810154525,4121447.827586207,,124610.0,124610.0,124610.0,310397.6666666667,https://www.instagram.com/shakira
gigihadid,gigihadid,Instagram,74890004,3248,,85,0.0260471743789292,0.0317714066045176,2555316.25,6586.713062098501,8933626.642857144,,,,2063724.5,2063724.5,https://www.instagram.com/gigihadid
snoopdogg,snoopdogg,Instagram,74552708,9995,Movies,86,0.0023939542319809,0.0016487262845602,205719.22368421053,2673.8992937483654,1259594.4058919805,48391.0,57393.16666666666,79461.43478260869,138903.94642857142,134955.6611570248,https://www.instagram.com/snoopdogg
davidbeckham,davidbeckham,Instagram,74516736,1522,,86,0.0128111431389623,0.0081631500022022,1237162.25,4077.069090909091,3354963.688311688,,,,237234.0,421613.5,https://www.instagram.com/davidbeckham
shraddhakapoor,shraddhakapoor,Instagram,73424750,1872,,81,0.0160214505741731,0.018880539950888,1609147.0,6224.394537177542,2550143.938202247,,825124.0,825124.0,825124.0,825124.0,https://www.instagram.com/shraddhakapoor
victoriassecret,victoriassecret,Instagram,73016997,2796,,88,0.0015506634666612,0.0002866246735449,148111.8363636364,389.1310664605873,412003.2732095491,,14910.0,17489.5,23730.33333333333,22321.29411764706,https://www.instagram.com/victoriassecret
k.mbappe,k.mbappe,Instagram,72335779,1149,Sports,86,0.0286749375188922,0.0337757728605493,2454367.866666666,10607.11652173913,6006698.25,,1067835.0,1332534.6666666667,1462670.3333333333,1754809.125,https://www.instagram.com/k.mbappe
nehakakkar,nehakakkar,Instagram,70376999,2298,Music,84,0.0166928464995209,0.0088834261397615,1530347.0,7334.274015748031,4497085.660550458,,,,329835.5,711477.75,https://www.instagram.com/nehakakkar
shawnmendes,shawnmendes,Instagram,69407554,2532,,83,0.0394208284450051,0.0251010690678539,3500515.0,23995.509719222464,3180541.7126436783,,2055267.6666666667,1678390.4285714286,1678390.4285714286,1831551.1538461533,https://www.instagram.com/shawnmendes
nba,nba,Instagram,68938585,12610,Sports,87,0.0042848714320617,0.0030800686059339,374008.6914285715,1014.6888450148076,1863379.103896104,138689.75,186225.0,205004.76666666663,202891.8656716418,223104.62719298244,https://www.instagram.com/nba
narendramodi,narendramodi,Instagram,68330604,537,Pets & Animals,85,0.0328339212783271,0.0232879705202494,2953851.5,24367.343096234308,5185283.8125,,,,1230562.0,1830545.6,https://www.instagram.com/narendramodi
jennierubyjane,jennierubyjane,Instagram,68085856,857,,76,0.0587168010484671,0.1148189686951802,5080827.583333333,42238.50148809524,5690914.514285714,,,,6395073.0,7258851.666666667,https://www.instagram.com/jennierubyjane
deepikapadukone,deepikapadukone,Instagram,67796542,258,,83,0.016576823363872,0.0136785359956671,1544528.95,4756.226277372263,4012606.319672131,,1638516.0,1638516.0,1181600.3333333333,1181600.3333333333,https://www.instagram.com/deepikapadukone
tomholland2013,tomholland2013,Instagram,67657871,1218,,77,0.0648570262745153,0.1260702528879513,5408241.0,27396.79120879121,9892997.666666666,,,7582873.0,7582873.0,6994957.0,https://www.instagram.com/tomholland2013
aliaabhatt,aliaabhatt,Instagram,67428908,1820,Entertainment,82,0.0196990789763926,0.04135082469462,1759431.125,6892.528109028961,3586775.894117647,568946.0,1716864.5,2220579.6666666665,3554326.0,2127322.75,https://www.instagram.com/aliaabhatt
ronaldinho,ronaldinho,Instagram,67398061,2921,Sports,78,0.0101762388751444,0.0057929729969356,891414.0833333333,4286.839059674503,2453751.8396946564,218368.0,218368.0,329519.25,261123.8571428572,347323.8823529412,https://www.instagram.com/ronaldinho
emmawatson,emmawatson,Instagram,67107508,344,,87,0.0202340940785513,0.0001000758555728,1858345.0,6711.485576923077,4843114.411764706,0.0,0.0,0.0,0.0,0.0,https://www.instagram.com/emmawatson
bts.bighitofficial,bts.bighitofficial,Instagram,65962589,1150,,78,0.0514232207530959,0.0720407083690759,4172263.1666666665,35250.45547445255,4665768.0,,,2808383.0,3652298.5,3763044.454545455,https://www.instagram.com/bts.bighitofficial
katrinakaif,katrinakaif,Instagram,65597009,997,Entertainment,85,0.0215544205511771,0.0374658190490996,1674335.25,8971.833740831296,4732693.97979798,,,,539443.0,539443.0,https://www.instagram.com/katrinakaif
justintimberlake,justintimberlake,Instagram,65477707,780,,87,0.0078898709745138,0.0038519607996693,614677.0,6039.921052631579,2640031.695652174,,,,194952.5,198150.3333333333,https://www.instagram.com/justintimberlake
marvel,marvel,Instagram,65358436,6907,Movies,82,0.0047100652194721,0.0050199596695487,328737.6,1066.2219724641752,960153.7919947506,55538.66666666666,122017.33333333331,183257.7777777777,193248.35294117648,260000.9090909091,https://www.instagram.com/marvel
camila_cabello,camila_cabello,Instagram,64375364,2884,,77,0.0219265288449977,0.0194345983003342,1853523.9285714289,7368.125720876586,3185373.0707964604,,,1579814.0,1532900.0,1287657.5714285714,https://www.instagram.com/camila_cabello
willsmith,willsmith,Instagram,64260079,1362,,82,0.017660170978728,0.0002021184767022,1408560.3333333333,12989.699124726478,6291661.438423646,0.0,0.0,0.0,0.0,0.0,https://www.instagram.com/willsmith
raffinagita1717,raffinagita1717,Instagram,62899363,9946,Entertainment,83,0.00451102568907,0.0072981267760065,387143.96774193546,3716.759681881051,1322062.7623762377,249344.2,340437.14285714284,486322.5,456141.1463414634,434216.0972222223,https://www.instagram.com/raffinagita1717
anitta,anitta,Instagram,62896138,5091,,82,0.0102353945028685,0.0087563842340578,857234.1124999999,7632.5947403911,2681297.324110672,,313134.5,426274.5,420654.28571428574,414450.1538461539,https://www.instagram.com/anitta
maluma,maluma,Instagram,62706097,8164,,84,0.0137097455332929,0.0148515839956952,1195150.8154761903,8056.752786220872,2901785.472222222,,1074236.0,901334.5,948883.75,1025142.0,https://www.instagram.com/maluma
akshaykumar,akshaykumar,Instagram,62614053,1860,Entertainment,85,0.01900901740256,0.0135768634770112,1516770.0,7210.882568807339,4092468.353658536,,265974.0,341912.0,391342.6666666667,572411.625,https://www.instagram.com/akshaykumar
jacquelinef143,jacquelinef143,Instagram,62118961,2433,Entertainment,85,0.0139067642467081,0.00972952070138,1143262.3333333333,4780.738944365193,2415085.3583333334,,,615704.5,803217.0,648666.5555555555,https://www.instagram.com/jacquelinef143
sooyaaa__,sooyaaa__,Instagram,62062471,824,Film & Animation,82,0.0600213082377881,0.0924807458060116,4493906.633333334,35145.84691011236,3985933.902439024,,,,6468019.0,6001684.833333333,https://www.instagram.com/sooyaaa__
psg,psg,Instagram,61178714,9761,Sports,86,0.0077280830743806,0.0083213524788285,508990.4477513228,1457.0676016830294,2135978.161904762,162310.0,281299.5789473684,291237.8076923077,371440.6530612245,359066.93548387097,https://www.instagram.com/psg
roses_are_rosie,roses_are_rosie,Instagram,60940323,816,Sports,82,0.0606299530692667,0.0864147152789652,4586884.9375,31561.863703703704,4699873.510204081,,,,,5593980.833333333,https://www.instagram.com/roses_are_rosie
anushkasharma,anushkasharma,Instagram,59276468,1159,Education,85,0.0238766281798796,0.019773256627131,1925204.75,5906.839895013123,3641625.4752475247,,814180.0,615775.5,615775.5,1184805.4285714286,https://www.instagram.com/anushkasharma
manchesterunited,manchesterunited,Instagram,58974258,9900,Sports,85,0.005463892269924,0.0050571864648222,384605.4114219114,1878.2301160148309,1809835.1690909087,128884.33333333331,230239.5625,223269.71875,240808.5357142857,235152.1338028169,https://www.instagram.com/manchesterunited
whinderssonnunes,whinderssonnunes,Instagram,58591940,2717,,79,0.0213111457865626,0.0074580996418429,1616371.15,16203.310391363022,5257153.904411765,18141.0,18141.0,18141.0,18141.0,243302.25,https://www.instagram.com/whinderssonnunes
9gag,9gag,Instagram,58181054,10021,Pets & Animals,86,0.0087789088885832,0.0046683080048543,678711.3186489217,5559.041481316726,3613240.0659955256,202474.75,227477.06666666668,221743.5675675676,258582.8,268979.2948717949,https://www.instagram.com/9gag
marcelotwelve,marcelotwelve,Instagram,57439765,2671,Shows,86,0.0102300873085121,0.0130710687109461,693038.1666666666,2503.0372439478583,3041758.0,194474.0,280022.0,358287.3333333333,402644.375,650563.7058823529,https://www.instagram.com/marcelotwelve
karimbenzema,karimbenzema,Instagram,55869867,2000,Music,42,0.0133169580426697,0.0234880334936267,876565.0,5392.554166666667,2973552.169811321,355367.0,400075.0,814691.25,791904.1666666666,997608.3333333334,https://www.instagram.com/karimbenzema
chrishemsworth,chrishemsworth,Instagram,55165178,859,Trailers,86,0.036724414049764,0.0327496422026776,2745384.0,8745.578947368422,6180484.385416667,,,,1757045.75,1571159.5,https://www.instagram.com/chrishemsworth
paulpogba,paulpogba,Instagram,54634350,1279,,80,0.019361238848825,0.0133403736453454,1397068.0,5836.703370786517,2730445.295918368,,342536.0,353815.0,316381.6666666667,422788.75,https://www.instagram.com/paulpogba
iamzlatanibrahimovic,iamzlatanibrahimovic,Instagram,54512391,868,Sports,86,0.0203904195851993,0.0254303666187346,1541239.4166666667,7579.643076923076,6267214.268518519,,,353745.0,446872.0,521481.0,https://www.instagram.com/iamzlatanibrahimovic
karolg,karolg,Instagram,54422099,3297,People & Blogs,83,0.0437554730889212,0.1280689934970045,3028630.75,20350.10752688172,7802091.677777777,,5904571.0,5904571.0,5904571.0,5904571.0,https://www.instagram.com/karolg
leonardodicaprio,leonardodicaprio,Instagram,54158640,1680,Pets & Animals,86,0.0063752114226341,0.002202655279047,398191.4166666667,3509.686924493554,1235508.4338235294,55282.0,55282.0,55282.0,98298.25,120142.83333333331,https://www.instagram.com/leonardodicaprio
milliebobbybrown,milliebobbybrown,Instagram,54105006,275,,80,0.0538358970202708,0.0851545854618376,3987302.6666666665,18188.15208333333,6851714.223880597,,2677095.0,3417441.5,4831356.25,5021154.0,https://www.instagram.com/milliebobbybrown
juventus,juventus,Instagram,54054171,9974,Gaming,87,0.0032123026481601,0.0026189745672207,201090.7333333333,952.79173553719,840567.1208333333,97856.2,91882.6,153989.95652173914,139207.71794871794,121662.67164179104,https://www.instagram.com/juventus
zacefron,zacefron,Instagram,53887887,663,Movies,86,0.0304714893389634,0.0217297590133996,2262103.5,9847.057142857142,5708580.75862069,,,,,,https://www.instagram.com/zacefron
tatawerneck,tatawerneck,Instagram,53554512,5565,Entertainment,86,0.0131000576164113,0.0039563660981687,976812.5,6598.756972111554,2908022.978319783,,,124830.0,149581.0,165887.55555555556,https://www.instagram.com/tatawerneck
bellahadid,bellahadid,Instagram,53359256,3125,,79,0.0159925994630643,0.0212083115490955,1132707.392857143,2687.933279742765,2738503.616438356,,,1776348.6666666667,1203778.3333333333,1101626.1666666667,https://www.instagram.com/bellahadid
robertdowneyjr,robertdowneyjr,Instagram,53210425,422,Entertainment,86,0.0413678378432733,0.0404495888203827,2984656.25,12541.236162361623,7258314.398230089,,,,,2106144.0,https://www.instagram.com/robertdowneyjr
sunnyleone,sunnyleone,Instagram,53190031,4559,Entertainment,84,0.0102907307662674,0.0059121324766039,769200.1041666666,3678.440476190476,1954614.246305419,,351347.5,517827.25,354785.7777777777,299836.7368421053,https://www.instagram.com/sunnyleone
ladygaga,ladygaga,Instagram,53092230,3546,Music,83,0.0203735181354845,0.0120651390561714,1435302.7666666668,13384.041984732825,3540913.194029851,,,,,635763.3333333334,https://www.instagram.com/ladygaga
beingsalmankhan,beingsalmankhan,Instagram,52980205,1173,Entertainment,76,0.0204519707921203,0.0129795138347189,1399897.75,17133.09768637532,3247875.5857988168,,,,411782.0,789300.3333333334,https://www.instagram.com/beingsalmankhan
jbalvin,jbalvin,Instagram,52762698,9999,Gaming,87,0.0147518609851952,0.0088908495326079,920868.0,5561.646258503401,3099539.4,12318.0,12318.0,163532.0,157988.8,273997.22222222225,https://www.instagram.com/jbalvin
sergioramos,sergioramos,Instagram,52261132,2218,Gaming,87,0.0155549355690295,0.0161880710203143,966414.75,3086.92,2126112.45,,314054.0,409956.6666666667,515387.0,687255.5714285715,https://www.instagram.com/sergioramos
ayutingting92,ayutingting92,Instagram,52170594,10018,Music,85,0.002178291477676,0.0017860786227001,149139.97506493505,849.2212543554007,934398.259445844,19229.5,45384.71428571428,40771.92857142857,57132.8,74728.48214285714,https://www.instagram.com/ayutingting92
dishapatani,dishapatani,Instagram,52062772,2128,Entertainment,74,0.0222305378827601,0.0188253532762796,1615190.0,6306.800613496933,3530372.6193181816,,882479.5,865676.75,778869.0,1057708.4444444445,https://www.instagram.com/dishapatani
mosalah,mosalah,Instagram,51823495,832,,22,0.0297809212756316,0.0291824613054767,1786297.25,12480.288515406162,3191156.7741935486,,839320.0,853353.0,1069706.375,1430160.076923077,https://www.instagram.com/mosalah
433,433,Instagram,50846051,10319,,79,0.0138703957209599,0.0192951546209638,863448.1813186815,4092.4105328472815,3232599.6691729324,519454.2,660923.1142857143,696233.234375,730624.5454545454,810461.4090909091,https://www.instagram.com/433
hudabeauty,hudabeauty,Instagram,50651842,2330,Fashion & Beauty,82,0.0027397198041948,0.0006546970510095,187183.89166666663,2296.0695517774343,1458333.5070028012,28264.0,19618.5,18836.666666666668,19946.6,19626.222222222223,https://www.instagram.com/hudabeauty
adele,adele,Instagram,50542177,418,,84,0.0675205757587189,0.0611485077745656,4739484.5,32030.802816901407,15396176.307692308,,2211066.0,2766306.0,2392644.25,2392644.25,https://www.instagram.com/adele
michelleobama,michelleobama,Instagram,50389066,592,Entertainment,85,0.0128588339916003,0.010987462595888,707602.75,6837.59012345679,1499868.049382716,,225063.0,225063.0,1922041.3333333333,879917.3333333334,https://www.instagram.com/michelleobama
jamesrodriguez10,jamesrodriguez10,Instagram,49753046,1054,Sports,86,0.0224043806019086,0.0086946160261796,1414736.5,10241.777272727271,3021228.5,,,,317195.0,317195.0,https://www.instagram.com/jamesrodriguez10
kritisanon,kritisanon,Instagram,49721095,2652,Fashion & Beauty,76,0.0133891803096823,0.0167865898802709,898828.3333333334,3057.467248908297,1558894.0513833992,,,612749.0,778017.3333333334,736931.0,https://www.instagram.com/kritisanon
krisjenner,krisjenner,Instagram,49106907,6327,Entertainment,80,0.0060146480340928,0.0100830284638471,354127.38690476195,1544.5010600706714,1364591.1842105263,107707.0,580446.6666666666,593222.8,502489.4285714286,450692.7272727273,https://www.instagram.com/krisjenner
lelepons,lelepons,Instagram,49030990,2517,Comedy,81,0.0372316886601462,0.0332447473294822,2414815.0,13184.886617100372,10147577.369863013,,,,,1566125.3333333333,https://www.instagram.com/lelepons
charlidamelio,charlidamelio,Instagram,48873294,142,Entertainment,80,0.0597008587087623,0.0324856359308497,4278895.0,14338.718333333334,6469000.421052632,,816337.0,829608.3333333334,1128204.6666666667,1265979.7272727273,https://www.instagram.com/charlidamelio
gucci,gucci,Instagram,48757827,8791,Comedy,86,0.0022865729743115,0.0019638737822321,116555.03703703702,482.4913714804723,478154.86530612246,76387.66666666667,70652.8,91079.05,79127.54901960785,82038.15730337078,https://www.instagram.com/gucci
louisvuitton,louisvuitton,Instagram,48520702,6378,,82,0.002418278259391,0.0022505361101379,131578.75,652.7503496503497,584823.4461805555,47623.0,65857.5,56271.25,97857.1875,103210.35064935064,https://www.instagram.com/louisvuitton
prillylatuconsina96,prillylatuconsina96,Instagram,48422538,6420,Entertainment,84,0.0053642221210374,0.005910594621574,377882.0,1242.6037868162691,1080167.674603175,,143636.2,97291.66666666669,147695.3076923077,210128.52173913043,https://www.instagram.com/prillylatuconsina96
dovecameron,dovecameron,Instagram,48100914,170,Entertainment,85,0.0252549231589265,0.0346999875944151,1609562.9166666667,2931.680706521739,2165141.40625,994345.5,994345.5,1071102.0,1071102.0,1675806.125,https://www.instagram.com/dovecameron
garethbale11,garethbale11,Instagram,47821374,975,Sports,86,0.0128074095358482,0.0108180036867025,764641.0,3405.6266666666666,2267763.125,,,,,,https://www.instagram.com/garethbale11
paulodybala,paulodybala,Instagram,47720068,1263,Sports,85,0.0323776753989264,0.0249412338222984,1791513.8125,7572.242424242424,2566655.2702702703,,828316.0,1046221.0,1076858.4,1110861.3,https://www.instagram.com/paulodybala
blackpinkofficial,blackpinkofficial,Instagram,47647921,1380,Music,85,0.035467975425391,0.0306111817220937,2116102.0,13236.61959287532,2450013.59375,,1055841.6666666667,1055841.6666666667,1110203.5555555555,1194622.2,https://www.instagram.com/blackpinkofficial
jokowi,jokowi,Instagram,47352198,3471,Gaming,85,0.0081449822325749,0.0048961692367566,458723.7596153846,4422.624359704041,1319494.0714285714,83937.33333333333,138934.6,269997.28,233081.63414634147,207972.1948051948,https://www.instagram.com/jokowi
nusr_et,nusr_et,Instagram,46891641,2302,,81,0.0127212417707325,0.0036812284748413,730786.5833333334,5602.495934959349,6350492.84057971,,,96628.0,96628.0,135454.0,https://www.instagram.com/nusr_et
5.min.crafts,5-Minute Crafts GIRLY,Instagram,46618064,14519,Trailers,85,0.0025793511925734,0.0003402270209613,157499.2095441595,342.39361505812883,1289001.772372648,,9366.6,10678.333333333334,14290.64705882353,13925.666666666666,https://www.instagram.com/5.min.crafts
vanessahudgens,vanessahudgens,Instagram,46343441,4186,Entertainment,84,0.0104299878089008,0.004894514461021,636092.6530612245,1561.7421746293246,2315649.758928572,,414691.0,414691.0,269620.8,208674.4375,https://www.instagram.com/vanessahudgens
thv,thv,Instagram,46328487,57,Gaming,83,0.3085183001322529,0.2862204108367975,15538683.0,0.3076923076923077,24786355.33333333,,,13007870.0,13143209.8,13210996.555555556,https://www.instagram.com/thv
harrystyles,harrystyles,Instagram,46292534,578,,57,0.0871323265160957,0.0709446511393156,4896516.5,61609.1875,7518271.0,2888035.0,2611946.5,2704044.0,2722518.833333333,2975292.5,https://www.instagram.com/harrystyles
zayn,zayn,Instagram,46197756,162,,82,0.0777514823621056,0.0843533013262577,4713926.5,69133.05,8478669.75,,,4037963.0,4037963.0,3599999.5,https://www.instagram.com/zayn
larissamanoela,larissamanoela,Instagram,46091767,5156,Autos & Vehicles,85,0.0097542381378649,0.0045884263535317,579900.9357142857,6269.2542134831465,948050.4761904762,108058.0,214328.3333333333,170630.33333333334,326550.6153846154,210933.53125,https://www.instagram.com/larissamanoela
haileybieber,haileybieber,Instagram,45916230,2060,Entertainment,85,0.0344642827549358,0.0316523327244714,2012107.0,217.9825327510917,3680907.695652174,,2243447.0,1785300.6666666667,1395563.5,1548866.5,https://www.instagram.com/haileybieber
thenotoriousmma,thenotoriousmma,Instagram,45822094,3106,,82,0.0187629040798184,0.0086489436203934,1137054.125,4820.904489795918,3737464.061111111,,168568.0,253072.25,257922.4,296484.42424242425,https://www.instagram.com/thenotoriousmma
daddyyankee,daddyyankee,Instagram,45807054,20,Music,80,0.0112223171602793,0.0168311036878018,650651.25,5624.246200607903,2122983.680094787,,,,730517.0,764615.5,https://www.instagram.com/daddyyankee
travisscott,travisscott,Instagram,45803997,3154,,78,0.0507869112330442,0.0513568908675375,3014369.75,12261.449567723344,5989754.571428572,,1127101.0,800849.0,1241751.0,1845443.5,https://www.instagram.com/travisscott
natgeotravel,natgeotravel,Instagram,45782549,16939,Travel & Events,82,0.0033304271321372,0.0011634874339007,189864.001376989,455.881935826981,718632.8378378379,33334.5,34972.666666666664,46106.57142857143,47547.96428571428,48881.42622950819,https://www.instagram.com/natgeotravel
nikefootball,nikefootball,Instagram,45180601,1797,Sports,85,0.0069582648000782,0.0044466213846934,431240.25,903.1043771043772,699261.0222222222,64865.0,129687.0,143075.8,189492.5,175088.625,https://www.instagram.com/nikefootball
stephencurry30,stephencurry30,Instagram,44569769,1037,Nonprofits & Activism,84,0.0192646011593637,0.0129830090766645,1090495.75,3599.1480362537764,1722571.0526315789,,,1131963.0,891286.0,672278.3333333334,https://www.instagram.com/stephencurry30
vancityreynolds,vancityreynolds,Instagram,44507303,678,Gaming,86,0.0260225282308118,0.0326018371718425,1366929.0,5184.585365853659,2307511.0,,,1148011.0,1148011.0,1710696.5,https://www.instagram.com/vancityreynolds
luissuarez9,luissuarez9,Instagram,44043371,961,Travel & Events,85,0.0151290062718396,0.0096381250288616,801790.5,3327.197889182058,1969051.258064516,216088.0,216088.0,214295.0,255623.0,287933.6666666667,https://www.instagram.com/luissuarez9
maisa,maisa,Instagram,43950253,1452,Nonprofits & Activism,42,0.010315598989292,0.0112838484207772,564755.7333333333,2424.5068846815834,1038532.7972027973,238759.0,1104109.5,1428235.3333333333,719729.4444444445,525544.1363636364,https://www.instagram.com/maisa
gusttavolima,gusttavolima,Instagram,43727522,4853,Shows,76,0.0088511761262804,0.0101943518114214,476983.7142857143,6853.556216216216,934089.0609318996,,309529.0,365223.0,370564.4,509534.75,https://www.instagram.com/gusttavolima
hrithikroshan,hrithikroshan,Instagram,43427057,583,News & Politics,85,0.0274329130741125,0.0382172948058499,1615511.5,6873.607692307693,2896416.3243243243,,,1127068.0,1203815.6666666667,1738841.2,https://www.instagram.com/hrithikroshan
nickyjam,nickyjampr,Instagram,43340622,11282,,81,0.0068086702240964,0.0029729741310627,383991.925,2543.3877094972067,1661245.9523809524,30032.0,57560.5,57560.5,152746.0,150392.0625,https://www.instagram.com/nickyjampr
jannatzubair29,jannatzubair29,Instagram,43312974,1600,Fashion & Beauty,84,0.0250796848111853,0.0206909626509665,1326973.625,10851.721276595745,3320745.8113207547,,578404.0,688606.0,798620.8888888889,860484.6086956522,https://www.instagram.com/jannatzubair29
varundvn,varundvn,Instagram,43215034,1899,Trailers,84,0.0209278580216071,0.0154283155931743,1065018.25,5572.776349614396,2897460.875,,,587374.0,416366.3333333333,503860.8571428572,https://www.instagram.com/varundvn
brunamarquezine,brunamarquezine,Instagram,43067731,3016,Entertainment,84,0.0173981618771721,0.009384194460582,1002055.0,7223.031700288185,2455963.2181818183,,863788.0,863788.0,863788.0,446550.6666666667,https://www.instagram.com/brunamarquezine
caradelevingne,caradelevingne,Instagram,42991683,4380,,86,0.0142055830706921,0.009149281756825,806313.0,2654.309803921569,2510408.690265487,,160709.0,160709.0,160709.0,278436.4,https://www.instagram.com/caradelevingne
buzzfeedtasty,buzzfeedtasty,Instagram,42970746,8617,Travel & Events,85,0.0012268968893595,0.0002834816507166,67247.14945736433,454.87381275440976,1189325.8005780347,5123.5,7426.333333333333,8197.0,9341.557692307691,8959.894736842105,https://www.instagram.com/buzzfeedtasty
kapilsharma,kapilsharma,Instagram,42000622,958,Comedy,83,0.0180150541970099,0.011204072325977,664476.0,3186.9012738853503,2232735.654545455,,,,,364037.0,https://www.instagram.com/kapilsharma
britneyspears,britneyspears,Instagram,41807497,2998,,80,0.0107517044321038,0.0112609476728996,523267.0714285714,9891.539451114922,6241768.775,,,106723.2,194049.0,503971.75,https://www.instagram.com/britneyspears
mariliamendoncacantora,mariliamendoncacantora,Instagram,41681598,1429,Music,73,0.0188178588447724,0.0002506269205627,1058071.0,10442.049090909091,9808431.333333334,0.0,0.0,0.0,0.0,0.0,https://www.instagram.com/mariliamendoncacantora
badbunnypr,badbunnypr,Instagram,41310397,16,Comedy,83,0.0664348438943664,0.146266454697248,3644587.5,58246.55778894472,8652812.673684211,,,7713443.0,7713443.0,5710268.5,https://www.instagram.com/badbunnypr
dior,dior,Instagram,41223938,9623,Gaming,85,0.0019476090459729,0.0015606360183799,88831.49753694581,532.8151891423621,620189.5040322581,22188.33333333333,29181.846153846152,30234.464285714286,33972.56603773585,45682.43119266055,https://www.instagram.com/dior
norafatehi,norafatehi,Instagram,41161527,1682,Comedy,83,0.0242532692379056,0.0225156653442236,1364004.6,5436.9662379421225,5906504.053571428,,,536660.3333333334,570485.25,655721.6153846154,https://www.instagram.com/norafatehi
jenniferaniston,jenniferaniston,Instagram,40741767,98,Gaming,85,0.0841073660850652,0.0188405306938515,4565592.5,36019.397260273974,12115309.363636363,,,544727.0,544727.0,544727.0,https://www.instagram.com/jenniferaniston
marinaruybarbosa,marinaruybarbosa,Instagram,40573646,2098,,81,0.0108676806653326,8.651627972459853e-05,586382.3333333334,3469.904191616766,712501.3181818182,0.0,0.0,0.0,0.0,0.0,https://www.instagram.com/marinaruybarbosa
addisonraee,addisonraee,Instagram,40402560,298,Gaming,85,0.0608235746200226,0.0330116643224507,3150451.0,8362.427152317881,6400652.176470588,,1349907.0,1009004.0,1026147.1111111112,1214530.0,https://www.instagram.com/addisonraee
theweeknd,theweeknd,Instagram,40223677,630,News & Politics,83,0.0234130289815374,0.039671213946651,1141438.6666666667,7543.174358974359,2212274.6666666665,,,,,2532971.0,https://www.instagram.com/theweeknd
ranveersingh,ranveersingh,Instagram,40112340,1738,Movies,85,0.0188163114560481,0.0075759470580558,1015087.5,3003.619942196532,1188881.3623188406,,,236391.75,237287.2,328866.9285714286,https://www.instagram.com/ranveersingh
andresiniesta8,andresiniesta8,Instagram,39745058,1977,Fashion & Beauty,85,0.0055802417292508,0.0040979608073302,250762.07142857145,715.553264604811,519624.8571428572,,68488.0,97259.25,217431.125,175277.8125,https://www.instagram.com/andresiniesta8
princessyahrini,princessyahrini,Instagram,39581466,4455,,81,0.0028611348127767,1.751415982643136e-05,118171.125,692.5880102040817,912626.4666666668,0.0,0.0,0.0,0.0,0.0,https://www.instagram.com/princessyahrini
liverpoolfc,liverpoolfc,Instagram,39515025,9953,,75,0.0074181809696207,0.004200652923037,346707.99613784906,1254.344763271162,1128585.4583333333,78430.0,104614.4,142629.4090909091,146055.65384615384,146055.65384615384,https://www.instagram.com/liverpoolfc
teddysphotos,teddysphotos,Instagram,39439449,2301,,80,0.0156541791160127,0.0070354032103839,738566.85,4255.0751565762,1715096.5942028984,,93970.0,332434.0,286783.1666666667,251330.0,https://www.instagram.com/teddysphotos
georginagio,georginagio,Instagram,39025459,726,Fashion & Beauty,74,0.0473565573230546,0.0875705825799869,2237436.0,7401.983783783784,7940965.584905661,,4551706.0,4019816.0,4022033.5,3193934.230769231,https://www.instagram.com/georginagio
natashawilona12,natashawilona12,Instagram,38846946,1143,Fashion & Beauty,84,0.0099239931006041,0.0087578811926599,489665.375,3433.455525606469,1621378.828125,102772.0,102772.0,274348.5,273239.0,218012.66666666663,https://www.instagram.com/natashawilona12
ruben_onsu,ruben_onsu,Instagram,38776943,13440,,75,0.0027383114291809,0.0013029248315222,139324.50785773367,763.7349029867015,474431.1769911504,8251.0,34620.71428571428,44411.5,52250.42424242424,52223.5652173913,https://www.instagram.com/ruben_onsu
mahi7781,mahi7781,Instagram,38747041,107,Gaming,58,0.0891126719339245,0.0017708230322919,4054863.25,67652.64,16107512.2,0.0,0.0,0.0,0.0,0.0,https://www.instagram.com/mahi7781
chrissyteigen,chrissyteigen,Instagram,38516696,5078,Entertainment,79,0.0125652850223841,0.005296936633152,631385.875,3798.853279242732,4103189.972972973,,207509.16666666663,173582.55555555556,135266.38095238095,130093.67441860466,https://www.instagram.com/chrissyteigen
hm,hm,Instagram,38465468,7234,,83,0.0018397499407285,0.0006758832387562,89143.59722222222,280.13257305773345,553953.5636363636,7940.0,20035.5,32376.875,23677.70588235294,23883.025,https://www.instagram.com/hm
wizkhalifa,wizkhalifa,Instagram,38459483,424,,80,0.0080336001950389,0.0037800274925877,402888.9,2102.0629011553274,1495132.5409836066,,133757.0,133757.0,131096.14285714287,144087.7142857143,https://www.instagram.com/wizkhalifa
j.m,j.m,Instagram,38138950,22,Gaming,83,0.3456958842388448,0.2987771491484441,14124890.5,0.5238095238095238,31074759.1,,,9539024.0,9539024.0,11269273.0,https://www.instagram.com/j.m
anushkasen0408,anushkasen0408,Instagram,37993409,5203,Travel & Events,85,0.0147057489660095,0.0175192706086068,695413.1192307692,5034.1755689735255,571228.0,460494.0,536469.3333333334,616656.6666666666,568987.1538461539,615201.8292682926,https://www.instagram.com/anushkasen0408
worldstar,worldstar,Instagram,37818287,99022,Comedy,78,0.0031664079556344,0.0019609370206476,157546.17819540395,2493.1996207550424,1056851.689122807,35157.0,52582.8,74208.32051282052,72683.64864864865,71531.15126050421,https://www.instagram.com/worldstar
prattprattpratt,prattprattpratt,Instagram,37405186,718,Trailers,84,0.0188497568828913,0.0099787112109819,813539.0,4914.890243902439,2052633.9122807016,,,,359794.0,445609.5,https://www.instagram.com/prattprattpratt
marvelstudios,marvelstudios,Instagram,37389526,2593,Trailers,83,0.0143865710507854,0.0157566340860411,594215.25,1983.7201210287444,963850.054347826,,359538.3333333333,1049491.375,928507.2,832929.25,https://www.instagram.com/marvelstudios
WesleySafadao,wesleysafadao,Instagram,37149804,8842,,80,0.0055627528262731,0.0001996183992421,256129.7357142857,7318.797611565054,992787.572815534,0.0,0.0,0.0,0.0,0.0,https://www.instagram.com/wesleysafadao
parineetichopra,parineetichopra,Instagram,36973458,1325,Autos & Vehicles,84,0.0104619399323363,0.006776970516173,505700.3333333334,1639.3722466960353,852263.72,181106.0,158555.0,158555.0,235079.25,245650.16666666663,https://www.instagram.com/parineetichopra
cznburak,cznburak,Instagram,36935601,1746,Trailers,80,0.0232086579367152,0.0187011140580198,816501.0,8524.293877551021,7053235.344827586,,479925.0,474966.0,471769.3333333333,605418.2,https://www.instagram.com/cznburak
laudyacynthiabella,laudyacynthiabella,Instagram,36677982,379,Movies,76,0.0032899407758276,0.0012185594487517,172773.75,544.6907449209932,436724.4705882353,49424.0,49424.0,49424.0,19080.0,45644.66666666666,https://www.instagram.com/laudyacynthiabella
antogriezmann,antogriezmann,Instagram,36381765,865,Sports,83,0.0246410525226776,0.0094182628333664,1132433.0,4322.974193548387,1699071.4736842106,,462168.0,241066.25,258233.8571428572,266970.2727272727,https://www.instagram.com/antogriezmann
gisel_la,gisel_la,Instagram,36318320,9874,Sports,85,0.0031629555732285,0.0022000861348019,152328.63333333333,2451.686265060241,1081229.7558139537,,23381.0,36770.4,30533.090909090908,42558.391304347824,https://www.instagram.com/gisel_la
eminem,eminem,Instagram,36182573,649,Music,84,0.025279022377949,0.0268908688929975,1093015.5,9202.00925925926,3104548.172839506,,,1137281.0,918847.0,786575.0,https://www.instagram.com/eminem
rkive,rkive,Instagram,36005772,103,Gaming,83,0.2825142506817762,4.971187329649839e-09,10938709.25,0.1764705882352941,24065160.35,0.0,0.0,0.0,0.0,0.0,https://www.instagram.com/rkive
colesprouse,colesprouse,Instagram,35979076,1139,,81,0.0557396251432684,0.0312096589346598,2286897.5,7860.226244343891,5765129.833333333,212535.5,258277.0,258277.0,371631.4,1387607.5714285714,https://www.instagram.com/colesprouse
nattinatasha,nattinatasha,Instagram,35925441,26,Music,47,0.0108856502712779,0.0104419103726444,517671.2916666667,2717.1952095808383,1867592.993377484,,,,492944.0,492944.0,https://www.instagram.com/nattinatasha
mercedesbenz,mercedesbenz,Instagram,35833928,9990,Autos & Vehicles,77,0.0044426268262148,0.0018171487571576,197897.8542694497,384.9082840236686,358159.51181102364,29792.8,38741.25,44650.15384615384,50835.53164556962,58994.36305732484,https://www.instagram.com/mercedesbenz
tigerjackieshroff,tigerjackieshroff,Instagram,35453527,2071,Sports,83,0.024609820388767,0.0169856235981652,1110818.8333333333,6014.289915966387,2513956.4545454546,,,,,350053.0,https://www.instagram.com/tigerjackieshroff
barackobama,barackobama,Instagram,35433452,654,,81,0.0273173012539033,0.0143753570652208,1130236.5,10506.670926517572,2135436.0303030303,,568619.0,332564.6666666667,412736.0,409610.3333333333,https://www.instagram.com/barackobama
shahidkapoor,shahidkapoor,Instagram,35378098,1139,Trailers,82,0.0343318807183911,0.0253842225600625,1294704.75,5295.665198237885,3364583.409090909,,552046.0,734052.0,795631.25,795631.25,https://www.instagram.com/shahidkapoor
kimberly.loaiza,kimberly.loaiza,Instagram,35190427,586,Trailers,78,0.0565778799962034,0.0478079684634776,2668449.0,30747.96629213483,6499614.011904762,,,462549.0,1414640.3333333333,1605446.0,https://www.instagram.com/kimberly.loaiza
sachintendulkar,sachintendulkar,Instagram,35033518,995,,76,0.0184666748329243,0.0202981365244361,800379.5,2110.816,1898931.0,,603372.0,531235.6666666666,531235.6666666666,635379.7142857143,https://www.instagram.com/sachintendulkar
simoneses,simoneses,Instagram,34784799,4394,,72,0.0106013037618015,0.0065881265101163,425578.3333333333,4539.766055045871,2380157.4444444445,,,357320.5,305093.6,247953.0,https://www.instagram.com/simoneses
ivetesangalo,ivetesangalo,Instagram,34714162,7555,Shows,84,0.0057203285737465,0.0021890525460217,234006.2142857143,3542.183500385505,1314483.7951807228,,69941.0,43746.5,54630.0,63001.0,https://www.instagram.com/ivetesangalo
paollaoliveirareal,paollaoliveirareal,Instagram,34565086,4544,Music,84,0.0082541164832495,0.0056734668757112,367804.9722222223,3025.36539746159,1111841.534246575,51188.0,54111.16666666666,109581.0,136755.29411764705,126819.32142857143,https://www.instagram.com/paollaoliveirareal
lunamaya,lunamaya,Instagram,34486065,4035,Fashion & Beauty,83,0.0032126124569443,0.0024909527637714,145525.50595238095,948.4511819116136,499199.453125,,62424.0,96535.33333333331,69638.6875,58397.58064516129,https://www.instagram.com/lunamaya
dannapaola,dannapaola,Instagram,34446899,1934,,68,0.0305530075060863,0.0289454440980041,1458303.625,3327.8276699029125,2127755.433333333,,,,837285.0,838019.75,https://www.instagram.com/dannapaola
blakelively,blakelively,Instagram,34420991,112,,80,0.0682388876283921,0.0746676282925667,3222808.5,9165.636363636364,7197748.0,,,,,3370864.0,https://www.instagram.com/blakelively
toni.kr8s,toni.kr8s,Instagram,34281435,931,Nonprofits & Activism,83,0.0141798451354828,0.016836516647871,597179.75,2314.913432835821,1206603.9523809524,,,1086602.0,671331.3333333334,481886.2,https://www.instagram.com/toni.kr8s
adidasoriginals,adidasoriginals,Instagram,34246782,259,,83,0.0034338340306642,0.0020140179342872,151286.6,667.1032388663967,427704.7,176516.0,100398.0,87087.25,83506.0,79206.0,https://www.instagram.com/adidasoriginals
disney,disney,Instagram,33912535,7196,Movies,77,0.005567755568881,0.0044303100721691,185166.2341269841,1053.8107497741644,667676.1785714285,,132230.5,140913.33333333334,126242.94871794872,130599.54430379746,https://www.instagram.com/disney
shaymitchell,shaymitchell,Instagram,33777981,6292,Science & Technology,83,0.0170734284188602,0.0131275839683203,754879.925,1958.390516039052,2085853.5961538465,,615270.0,615270.0,615270.0,612827.0,https://www.instagram.com/shaymitchell
khabib_nurmagomedov,khabib_nurmagomedov,Instagram,33561258,4509,Sports,63,0.0173853337259555,0.0120533964293051,693615.5178571428,5063.583132530121,2562603.4852941176,144171.0,144171.0,251138.3333333333,209536.8333333333,399579.3888888889,https://www.instagram.com/khabib_nurmagomedov
bmw,bmw,Instagram,33536702,9247,Autos & Vehicles,79,0.0056270389491379,0.0029725203761395,232946.5344611529,587.0275279367675,450255.3468208093,,67768.0,79598.5,76931.96428571429,84832.546875,https://www.instagram.com/bmw
zidane,zidane,Instagram,33177179,366,Gaming,41,0.0253472223299743,0.0251361379494257,1059596.0,6400.405660377359,1691814.888888889,,999103.0,999103.0,999103.0,911822.2857142856,https://www.instagram.com/zidane
nancyajram,nancyajram,Instagram,33102343,3810,Music,81,0.0092858188712669,0.0043412410576444,391202.1666666667,3792.208616780045,1283372.6764705882,,169947.0,169947.0,132337.66666666666,146928.11111111112,https://www.instagram.com/nancyajram
sonamkapoor,sonamkapoor,Instagram,33043019,4799,Entertainment,75,0.0062851616160342,0.0088427624551588,264547.2055555556,868.8948126801153,757543.6603773584,,,,153794.33333333334,237832.4285714285,https://www.instagram.com/sonamkapoor
luansantana,luansantana,Instagram,33024460,714,,79,0.0050504642131005,0.0050917149464801,205587.9583333333,4795.100969766116,528762.5225806452,,211062.3333333333,129386.125,193875.8571428572,182498.66666666663,https://www.instagram.com/luansantana
danbilzerian,danbilzerian,Instagram,32938902,1372,Pets & Animals,84,0.0530364629733419,0.0336293331489344,2044189.0,24680.813186813182,21036525.384615384,,1079742.0,1079742.0,1079742.0,1079742.0,https://www.instagram.com/danbilzerian
nickjonas,nickjonas,Instagram,32906383,2315,,78,0.0179900611955367,0.0107655272386417,744225.6666666666,2191.0835509138383,1089024.303030303,,65526.0,65526.0,65526.0,339617.3333333333,https://www.instagram.com/nickjonas
gururandhawa,gururandhawa,Instagram,32845959,2140,Education,83,0.0152565367905094,0.0083653312996734,637758.25,3837.25147579693,2267250.602040816,,218212.0,232432.66666666663,307367.14285714284,289892.625,https://www.instagram.com/gururandhawa
iambeckyg,iambeckyg,Instagram,32812027,2270,,71,0.0140306125475646,0.0164217780819529,625421.4761904763,1588.4186046511627,1020375.8085106384,,232931.0,300174.0,321817.6666666667,396257.9285714286,https://www.instagram.com/iambeckyg
